asset_id,asset_type,instrument,counterparty,linked_ticker,sector,region,rating,notional,market_value,risk_notional,rate_duration,spread_duration,equity_beta
A001,Loan,Corporate Term Loan,Aster Industrial,,Technology,US,BBB,21.3,21.2,21.2,1.76,2.83,0.0
A002,Loan,Corporate Term Loan,Brightwave Energy,,Healthcare,Asia,BBB,140.8,136.1,136.1,2.86,3.19,0.0
A003,Loan,Corporate Term Loan,Cobalt Logistics,,Financials,Asia,B,82.7,81.1,81.1,2.67,2.77,0.0
A004,Loan,Corporate Term Loan,Delta Retail Group,,Technology,Asia,BBB,136.3,135.5,135.5,1.48,3.64,0.0
A005,Loan,Corporate Term Loan,Evergreen Foods,,Financials,US,A,91.7,90.6,90.6,2.56,2.41,0.0
A006,Loan,Corporate Term Loan,Falcon Aerospace,,Financials,EU,BBB,117.7,115.8,115.8,1.84,4.23,0.0
A007,Loan,Corporate Term Loan,Granite Mining,,Healthcare,US,BBB,90.5,88.3,88.3,1.93,2.51,0.0
A008,Loan,Corporate Term Loan,Harbor Shipping,,Financials,US,A,63.9,62.2,62.2,1.78,4.81,0.0
A009,Loan,Corporate Term Loan,Ionic Semiconductors,,Healthcare,US,BB,43.1,42.4,42.4,2.02,3.04,0.0
A010,Loan,Corporate Term Loan,Juniper Healthcare,,Technology,Asia,B,24.9,24.4,24.4,2.44,3.19,0.0
A011,Loan,Corporate Term Loan,Keystone Utilities,,Healthcare,Asia,A,128.1,123.2,123.2,0.87,4.47,0.0
A012,Loan,Corporate Term Loan,Lumen Telecom,,Energy,US,BBB,55.0,54.1,54.1,2.13,3.28,0.0
A013,Loan,Corporate Term Loan,Meridian Real Estate,,Financials,US,BBB,78.4,75.7,75.7,2.72,4.92,0.0
A014,Loan,Corporate Term Loan,Northstar Steel,,Energy,Asia,BBB,127.3,123.1,123.1,1.77,2.28,0.0
A015,Bond,Corporate Bond,Walmart,WMT,Consumer,US,A,38.3,36.0,36.0,6.25,5.94,0.0
A016,Bond,Corporate Bond,Pfizer,PFE,Healthcare,US,BBB,57.5,58.2,58.2,6.2,5.89,0.0
A017,Bond,Corporate Bond,Exxon Mobil,XOM,Energy,US,AA,39.1,36.5,36.5,7.37,7.0,0.0
A018,Bond,Corporate Bond,NVIDIA,NVDA,Technology,US,BBB,88.9,88.2,88.2,5.4,5.13,0.0
A019,Bond,Corporate Bond,Meta Platforms,META,Communication,US,BBB+,58.0,56.4,56.4,6.98,6.63,0.0
A020,Bond,Corporate Bond,Coca-Cola,KO,Consumer,US,BBB,55.6,55.5,55.5,5.55,5.27,0.0
A021,Bond,Corporate Bond,Bank of America,BAC,Financials,US,BBB+,111.7,105.9,105.9,3.0,2.85,0.0
A022,Bond,Corporate Bond,Goldman Sachs,GS,Financials,US,BBB,69.4,66.8,66.8,7.02,6.67,0.0
A023,Bond,Corporate Bond,Apple,AAPL,Technology,US,AA,118.9,115.5,115.5,4.97,4.72,0.0
A024,Bond,Corporate Bond,JPMorgan Chase,JPM,Financials,US,AA,43.9,41.6,41.6,3.1,2.94,0.0
A025,Bond,Corporate Bond,Chevron,CVX,Energy,US,A+,58.1,56.6,56.6,4.39,4.17,0.0
A026,Bond,Corporate Bond,Amazon,AMZN,Consumer,US,AA,46.9,44.6,44.6,8.49,8.07,0.0
A027,Derivative,Pay-Fixed Interest Rate Swap,Dealer Bank,,Financials,US,A,252.4,4.1,252.4,-6.25,0.0,0.0
A028,Derivative,Pay-Fixed Interest Rate Swap,Dealer Bank,,Financials,US,A,169.0,2.8,169.0,-6.68,0.0,0.0
A029,Derivative,Pay-Fixed Interest Rate Swap,Dealer Bank,,Financials,US,A,176.2,1.4,176.2,-4.01,0.0,0.0
A030,Derivative,Equity Index Put Option,Exchange,,Index,US,NR,42.9,1.4,42.9,0.0,0.0,-1.0
A031,Derivative,Equity Index Put Option,Exchange,,Index,US,NR,52.4,3.8,52.4,0.0,0.0,-1.0
A032,Derivative,CDS Protection Bought,Dealer Bank,,Credit Index,US,NR,71.1,0.3,71.1,0.0,-3.03,0.0
A033,Derivative,CDS Protection Bought,Dealer Bank,,Credit Index,US,NR,59.3,0.7,59.3,0.0,-4.6,0.0
A034,Derivative,CDS Protection Bought,Dealer Bank,,Credit Index,US,NR,78.6,0.8,78.6,0.0,-3.35,0.0
A035,Equity,Common Stock,Exxon Mobil,XOM,Energy,US,NR,0.0,21.7,21.7,0.0,0.0,0.9
A036,Equity,Common Stock,Amazon,AMZN,Consumer,US,NR,0.0,47.1,47.1,0.0,0.0,1.25
A037,Equity,Common Stock,JPMorgan Chase,JPM,Financials,US,NR,0.0,19.3,19.3,0.0,0.0,1.05
A038,Equity,Common Stock,Pfizer,PFE,Healthcare,US,NR,0.0,12.0,12.0,0.0,0.0,0.6
A039,Equity,Common Stock,NVIDIA,NVDA,Technology,US,NR,0.0,34.9,34.9,0.0,0.0,1.7
A040,Equity,Common Stock,Goldman Sachs,GS,Financials,US,NR,0.0,11.7,11.7,0.0,0.0,1.35
