date,ticker,close
2026-07-06,AAPL,312.39
2026-07-06,AMZN,244.16
2026-07-06,BAC,59.6
2026-07-06,CVX,166.65
2026-07-06,GOOGL,366.22
2026-07-06,GS,1050.15
2026-07-06,JNJ,258.06
2026-07-06,JPM,336.04
2026-07-06,KO,82.47
2026-07-06,META,599.82
2026-07-06,MSFT,386.01
2026-07-06,NVDA,195.33
2026-07-06,PFE,23.31
2026-07-06,WMT,110.39
2026-07-06,XOM,135.56
2026-07-07,AAPL,310.39
2026-07-07,AMZN,245.98
2026-07-07,BAC,59.56
2026-07-07,CVX,172.5
2026-07-07,GOOGL,366.79
2026-07-07,GS,1037.9
2026-07-07,JNJ,265.93
2026-07-07,JPM,337.54
2026-07-07,KO,83.55
2026-07-07,META,615.09
2026-07-07,MSFT,388.11
2026-07-07,NVDA,196.71
2026-07-07,PFE,23.66
2026-07-07,WMT,111.27
2026-07-07,XOM,140.78
2026-07-08,AAPL,313.12
2026-07-08,AMZN,243.62
2026-07-08,BAC,58.0
2026-07-08,CVX,174.45
2026-07-08,GOOGL,361.69
2026-07-08,GS,1024.62
2026-07-08,JNJ,262.11
2026-07-08,JPM,328.98
2026-07-08,KO,82.91
2026-07-08,META,602.64
2026-07-08,MSFT,382.62
2026-07-08,NVDA,203.89
2026-07-08,PFE,23.64
2026-07-08,WMT,112.83
2026-07-08,XOM,140.22
2026-07-09,AAPL,315.95
2026-07-09,AMZN,247.04
2026-07-09,BAC,58.95
2026-07-09,CVX,172.54
2026-07-09,GOOGL,358.66
2026-07-09,GS,1050.82
2026-07-09,JNJ,257.83
2026-07-09,JPM,333.8
2026-07-09,KO,82.14
2026-07-09,META,630.98
2026-07-09,MSFT,383.64
2026-07-09,NVDA,202.55
2026-07-09,PFE,23.83
2026-07-09,WMT,111.94
2026-07-09,XOM,136.58
2026-07-10,AAPL,315.05
2026-07-10,AMZN,245.34
2026-07-10,BAC,59.37
2026-07-10,CVX,174.87
2026-07-10,GOOGL,356.95
2026-07-10,GS,1050.04
2026-07-10,JNJ,255.72
2026-07-10,JPM,334.8
2026-07-10,KO,82.99
2026-07-10,META,668.68
2026-07-10,MSFT,384.38
2026-07-10,NVDA,210.72
2026-07-10,PFE,23.75
2026-07-10,WMT,113.63
2026-07-10,XOM,137.99
2026-07-13,AAPL,317.04
2026-07-13,AMZN,247.31
2026-07-13,BAC,59.2
2026-07-13,CVX,180.62
2026-07-13,GOOGL,352.28
2026-07-13,GS,1040.81
2026-07-13,JNJ,256.5
2026-07-13,JPM,332.87
2026-07-13,KO,83.75
2026-07-13,META,656.21
2026-07-13,MSFT,390.26
2026-07-13,NVDA,203.3
2026-07-13,PFE,24.06
2026-07-13,WMT,114.51
2026-07-13,XOM,143.58
2026-07-14,AAPL,314.59
2026-07-14,AMZN,247.49
2026-07-14,BAC,60.31
2026-07-14,CVX,180.19
2026-07-14,GOOGL,359.28
2026-07-14,GS,1134.44
2026-07-14,JNJ,252.6
2026-07-14,JPM,341.19
2026-07-14,KO,82.59
2026-07-14,META,660.52
2026-07-14,MSFT,384.21
2026-07-14,NVDA,211.56
2026-07-14,PFE,23.83
2026-07-14,WMT,113.43
2026-07-14,XOM,144.16
2026-07-15,AAPL,327.22
2026-07-15,AMZN,254.96
2026-07-15,BAC,61.28
2026-07-15,CVX,180.03
2026-07-15,GOOGL,370.68
2026-07-15,GS,1146.46
2026-07-15,JNJ,245.81
2026-07-15,JPM,345.19
2026-07-15,KO,81.96
2026-07-15,META,680.77
2026-07-15,MSFT,394.89
2026-07-15,NVDA,212.26
2026-07-15,PFE,24.39
2026-07-15,WMT,112.26
2026-07-15,XOM,143.58
2026-07-16,AAPL,332.97
2026-07-16,AMZN,249.89
2026-07-16,BAC,61.18
2026-07-16,CVX,182.27
2026-07-16,GOOGL,354.23
2026-07-16,GS,1090.12
2026-07-16,JNJ,248.74
2026-07-16,JPM,341.45
2026-07-16,KO,84.42
2026-07-16,META,664.02
2026-07-16,MSFT,400.35
2026-07-16,NVDA,207.17
2026-07-16,PFE,24.71
2026-07-16,WMT,114.68
2026-07-16,XOM,145.01
2026-07-17,AAPL,333.45
2026-07-17,AMZN,247.23
2026-07-17,BAC,60.96
2026-07-17,CVX,185.76
2026-07-17,GOOGL,346.55
2026-07-17,GS,1060.03
2026-07-17,JNJ,251.8
2026-07-17,JPM,339.41
2026-07-17,KO,81.08
2026-07-17,META,645.5
2026-07-17,MSFT,393.08
2026-07-17,NVDA,202.58
2026-07-17,PFE,24.62
2026-07-17,WMT,113.97
2026-07-17,XOM,146.41
2026-07-20,AAPL,326.31
2026-07-20,AMZN,249.99
2026-07-20,BAC,60.11
2026-07-20,CVX,188.07
2026-07-20,GOOGL,351.76
2026-07-20,GS,1049.89
2026-07-20,JNJ,247.6
2026-07-20,JPM,337.19
2026-07-20,KO,81.63
2026-07-20,META,645.34
2026-07-20,MSFT,401.53
2026-07-20,NVDA,203.05
2026-07-20,PFE,24.32
2026-07-20,WMT,111.93
2026-07-20,XOM,147.41
2026-07-21,AAPL,327.46
2026-07-21,AMZN,247.55
2026-07-21,BAC,60.91
2026-07-21,CVX,189.42
2026-07-21,GOOGL,346.93
2026-07-21,GS,1080.27
2026-07-21,JNJ,249.38
2026-07-21,JPM,343.52
2026-07-21,KO,81.48
2026-07-21,META,643.3
2026-07-21,MSFT,397.0
2026-07-21,NVDA,207.06
2026-07-21,PFE,24.51
2026-07-21,WMT,110.13
2026-07-21,XOM,150.73
2026-07-22,AAPL,325.61
2026-07-22,AMZN,244.85
2026-07-22,BAC,61.31
2026-07-22,CVX,191.31
2026-07-22,GOOGL,341.87
2026-07-22,GS,1092.85
2026-07-22,JNJ,254.38
2026-07-22,JPM,346.48
2026-07-22,KO,81.71
2026-07-22,META,626.68
2026-07-22,MSFT,389.61
2026-07-22,NVDA,211.82
2026-07-22,PFE,24.39
2026-07-22,WMT,109.07
2026-07-22,XOM,153.46
2026-07-23,AAPL,321.38
2026-07-23,AMZN,233.66
2026-07-23,BAC,60.97
2026-07-23,CVX,192.74
2026-07-23,GOOGL,317.49
2026-07-23,GS,1069.48
2026-07-23,JNJ,258.0
2026-07-23,JPM,348.16
2026-07-23,KO,80.69
2026-07-23,META,605.62
2026-07-23,MSFT,380.86
2026-07-23,NVDA,208.53
2026-07-23,PFE,24.58
2026-07-23,WMT,108.14
2026-07-23,XOM,155.88
2026-07-24,AAPL,332.73
2026-07-24,AMZN,232.11
2026-07-24,BAC,61.74
2026-07-24,CVX,193.1
2026-07-24,GOOGL,319.53
2026-07-24,GS,1056.06
2026-07-24,JNJ,262.11
2026-07-24,JPM,351.46
2026-07-24,KO,81.76
2026-07-24,META,594.72
2026-07-24,MSFT,380.98
2026-07-24,NVDA,206.61
2026-07-24,PFE,24.54
2026-07-24,WMT,109.21
2026-07-24,XOM,155.93
2026-07-27,AAPL,336.62
2026-07-27,AMZN,231.39
2026-07-27,BAC,61.81
2026-07-27,CVX,188.36
2026-07-27,GOOGL,326.35
2026-07-27,GS,1043.12
2026-07-27,JNJ,264.64
2026-07-27,JPM,354.43
2026-07-27,KO,83.57
2026-07-27,META,593.4
2026-07-27,MSFT,388.37
2026-07-27,NVDA,196.29
2026-07-27,PFE,24.67
2026-07-27,WMT,111.47
2026-07-27,XOM,153.77
2026-07-28,AAPL,339.79
2026-07-28,AMZN,230.86
2026-07-28,BAC,62.3
2026-07-28,CVX,185.96
2026-07-28,GOOGL,333.5
2026-07-28,GS,1028.3
2026-07-28,JNJ,265.42
2026-07-28,JPM,355.54
2026-07-28,KO,87.75
2026-07-28,META,592.94
2026-07-28,MSFT,392.61
2026-07-28,NVDA,196.79
2026-07-28,PFE,25.25
2026-07-28,WMT,112.83
2026-07-28,XOM,152.06
2026-07-29,AAPL,337.9
2026-07-29,AMZN,226.65
2026-07-29,BAC,60.76
2026-07-29,CVX,190.2
2026-07-29,GOOGL,336.49
2026-07-29,GS,975.97
2026-07-29,JNJ,264.23
2026-07-29,JPM,343.0
2026-07-29,KO,88.55
2026-07-29,META,585.15
2026-07-29,MSFT,389.81
2026-07-29,NVDA,189.8
2026-07-29,PFE,25.15
2026-07-29,WMT,113.95
2026-07-29,XOM,155.74
2026-07-30,AAPL,333.14
2026-07-30,AMZN,235.5
2026-07-30,BAC,61.42
2026-07-30,CVX,190.65
2026-07-30,GOOGL,333.45
2026-07-30,GS,1019.87
2026-07-30,JNJ,254.56
2026-07-30,JPM,349.11
2026-07-30,KO,87.97
2026-07-30,META,538.6
2026-07-30,MSFT,450.25
2026-07-30,NVDA,194.82
2026-07-30,PFE,24.91
2026-07-30,WMT,110.83
2026-07-30,XOM,155.96
2026-07-31,AAPL,308.64
2026-07-31,AMZN,271.58
2026-07-31,BAC,61.64
2026-07-31,CVX,195.13
2026-07-31,GOOGL,355.9
2026-07-31,GS,1013.42
2026-07-31,JNJ,255.09
2026-07-31,JPM,350.04
2026-07-31,KO,87.07
2026-07-31,META,556.27
2026-07-31,MSFT,463.85
2026-07-31,NVDA,200.53
2026-07-31,PFE,25.01
2026-07-31,WMT,110.93
2026-07-31,XOM,154.44
2026-08-03,AAPL,303.16
2026-08-03,AMZN,284.02
2026-08-03,BAC,62.16
2026-08-03,CVX,191.51
2026-08-03,GOOGL,373.27
2026-08-03,GS,1022.05
2026-08-03,JNJ,253.16
2026-08-03,JPM,350.89
2026-08-03,KO,86.34
2026-08-03,META,589.77
2026-08-03,MSFT,486.73
2026-08-03,NVDA,206.41
2026-08-03,PFE,25.03
2026-08-03,WMT,110.45
2026-08-03,XOM,154.06
2026-08-04,AAPL,309.11
2026-08-04,AMZN,277.42
2026-08-04,BAC,62.58
2026-08-04,CVX,188.75
2026-08-04,GOOGL,377.41
2026-08-04,GS,1047.85
2026-08-04,JNJ,253.68
2026-08-04,JPM,355.75
2026-08-04,KO,86.05
2026-08-04,META,587.48
2026-08-04,MSFT,491.88
2026-08-04,NVDA,211.7
2026-08-04,PFE,25.41
2026-08-04,WMT,111.28
2026-08-04,XOM,152.97
2026-08-05,AAPL,310.73
2026-08-05,AMZN,272.65
2026-08-05,BAC,62.93
2026-08-05,CVX,184.8
2026-08-05,GOOGL,362.2
2026-08-05,GS,1055.21
2026-08-05,JNJ,256.33
2026-08-05,JPM,357.46
2026-08-05,KO,86.31
2026-08-05,META,588.31
2026-08-05,MSFT,486.54
2026-08-05,NVDA,218.97
2026-08-05,PFE,25.81
2026-08-05,WMT,112.07
2026-08-05,XOM,150.65
2026-08-06,AAPL,312.14
2026-08-06,AMZN,272.26
2026-08-06,BAC,62.68
2026-08-06,CVX,187.59
2026-08-06,GOOGL,357.52
2026-08-06,GS,1027.55
2026-08-06,JNJ,255.72
2026-08-06,JPM,354.53
2026-08-06,KO,86.33
2026-08-06,META,589.43
2026-08-06,MSFT,498.92
2026-08-06,NVDA,218.75
2026-08-06,PFE,26.2
2026-08-06,WMT,111.8
2026-08-06,XOM,153.84
2026-08-07,AAPL,313.06
2026-08-07,AMZN,274.48
2026-08-07,BAC,62.85
2026-08-07,CVX,184.95
2026-08-07,GOOGL,354.07
2026-08-07,GS,1034.54
2026-08-07,JNJ,257.97
2026-08-07,JPM,355.75
2026-08-07,KO,86.53
2026-08-07,META,591.63
2026-08-07,MSFT,499.05
2026-08-07,NVDA,223.71
2026-08-07,PFE,26.76
2026-08-07,WMT,111.58
2026-08-07,XOM,152.06
2026-08-10,AAPL,308.26
2026-08-10,AMZN,278.09
2026-08-10,BAC,63.54
2026-08-10,CVX,193.22
2026-08-10,GOOGL,357.29
2026-08-10,GS,1029.47
2026-08-10,JNJ,260.53
2026-08-10,JPM,358.0
2026-08-10,KO,86.35
2026-08-10,META,594.45
2026-08-10,MSFT,505.11
2026-08-10,NVDA,217.31
2026-08-10,PFE,27.05
2026-08-10,WMT,112.39
2026-08-10,XOM,158.76
2026-08-11,AAPL,304.91
2026-08-11,AMZN,272.27
2026-08-11,BAC,63.68
2026-08-11,CVX,194.96
2026-08-11,GOOGL,343.58
2026-08-11,GS,1029.37
2026-08-11,JNJ,258.52
2026-08-11,JPM,360.24
2026-08-11,KO,85.97
2026-08-11,META,598.65
2026-08-11,MSFT,502.86
2026-08-11,NVDA,217.26
2026-08-11,PFE,26.62
2026-08-11,WMT,112.99
2026-08-11,XOM,158.77
2026-08-12,AAPL,302.25
2026-08-12,AMZN,267.28
2026-08-12,BAC,64.48
2026-08-12,CVX,194.9
2026-08-12,GOOGL,343.32
2026-08-12,GS,1032.15
2026-08-12,JNJ,259.58
2026-08-12,JPM,363.37
2026-08-12,KO,86.2
2026-08-12,META,578.39
2026-08-12,MSFT,491.5
2026-08-12,NVDA,223.84
2026-08-12,PFE,26.31
2026-08-12,WMT,115.73
2026-08-12,XOM,158.72
2026-08-13,AAPL,305.26
2026-08-13,AMZN,265.13
2026-08-13,BAC,63.76
2026-08-13,CVX,195.99
2026-08-13,GOOGL,346.14
2026-08-13,GS,1037.55
2026-08-13,JNJ,260.79
2026-08-13,JPM,361.31
2026-08-13,KO,86.9
2026-08-13,META,594.5
2026-08-13,MSFT,495.95
2026-08-13,NVDA,225.05
2026-08-13,PFE,26.8
2026-08-13,WMT,115.44
2026-08-13,XOM,157.59
2026-08-14,AAPL,305.93
2026-08-14,AMZN,262.65
2026-08-14,BAC,64.16
2026-08-14,CVX,198.27
2026-08-14,GOOGL,345.68
2026-08-14,GS,1034.35
2026-08-14,JNJ,259.07
2026-08-14,JPM,361.04
2026-08-14,KO,87.19
2026-08-14,META,589.38
2026-08-14,MSFT,494.47
2026-08-14,NVDA,224.91
2026-08-14,PFE,26.79
2026-08-14,WMT,114.99
2026-08-14,XOM,159.07
2026-08-17,AAPL,305.59
2026-08-17,AMZN,261.31
2026-08-17,BAC,63.57
2026-08-17,CVX,200.95
2026-08-17,GOOGL,343.78
2026-08-17,GS,1046.19
2026-08-17,JNJ,261.08
2026-08-17,JPM,359.17
2026-08-17,KO,86.46
2026-08-17,META,568.52
2026-08-17,MSFT,479.45
2026-08-17,NVDA,224.76
2026-08-17,PFE,26.87
2026-08-17,WMT,114.06
2026-08-17,XOM,161.46
2026-08-18,AAPL,310.03
2026-08-18,AMZN,259.45
2026-08-18,BAC,63.9
2026-08-18,CVX,203.96
2026-08-18,GOOGL,343.98
2026-08-18,GS,1035.4
2026-08-18,JNJ,269.78
2026-08-18,JPM,361.45
2026-08-18,KO,88.29
2026-08-18,META,543.24
2026-08-18,MSFT,480.73
2026-08-18,NVDA,219.49
2026-08-18,PFE,27.25
2026-08-18,WMT,114.92
2026-08-18,XOM,165.56
2026-08-19,AAPL,316.83
2026-08-19,AMZN,265.84
2026-08-19,BAC,62.85
2026-08-19,CVX,205.76
2026-08-19,GOOGL,344.5
2026-08-19,GS,1016.67
2026-08-19,JNJ,272.07
2026-08-19,JPM,355.49
2026-08-19,KO,89.81
2026-08-19,META,545.6
2026-08-19,MSFT,483.4
2026-08-19,NVDA,217.32
2026-08-19,PFE,28.24
2026-08-19,WMT,114.03
2026-08-19,XOM,164.77
2026-08-20,AAPL,311.3
2026-08-20,AMZN,260.11
2026-08-20,BAC,61.55
2026-08-20,CVX,205.77
2026-08-20,GOOGL,340.45
2026-08-20,GS,997.07
2026-08-20,JNJ,266.06
2026-08-20,JPM,349.8
2026-08-20,KO,89.96
2026-08-20,META,545.4
2026-08-20,MSFT,481.15
2026-08-20,NVDA,216.61
2026-08-20,PFE,27.79
2026-08-20,WMT,103.59
2026-08-20,XOM,166.15
2026-08-21,AAPL,309.35
2026-08-21,AMZN,258.63
2026-08-21,BAC,61.38
2026-08-21,CVX,205.27
2026-08-21,GOOGL,344.6
2026-08-21,GS,1034.21
2026-08-21,JNJ,268.91
2026-08-21,JPM,349.83
2026-08-21,KO,90.56
2026-08-21,META,549.47
2026-08-21,MSFT,483.24
2026-08-21,NVDA,214.48
2026-08-21,PFE,28.07
2026-08-21,WMT,103.7
2026-08-21,XOM,165.11
2026-08-24,AAPL,310.34
2026-08-24,AMZN,262.07
2026-08-24,BAC,62.01
2026-08-24,CVX,203.09
2026-08-24,GOOGL,347.84
2026-08-24,GS,1031.23
2026-08-24,JNJ,271.7
2026-08-24,JPM,354.62
2026-08-24,KO,91.44
2026-08-24,META,558.58
2026-08-24,MSFT,487.31
2026-08-24,NVDA,208.25
2026-08-24,PFE,27.97
2026-08-24,WMT,106.49
2026-08-24,XOM,164.05
2026-08-25,AAPL,309.9
2026-08-25,AMZN,261.06
2026-08-25,BAC,62.11
2026-08-25,CVX,199.89
2026-08-25,GOOGL,346.74
2026-08-25,GS,1053.72
2026-08-25,JNJ,273.14
2026-08-25,JPM,354.92
2026-08-25,KO,91.1
2026-08-25,META,569.6
2026-08-25,MSFT,491.71
2026-08-25,NVDA,212.81
2026-08-25,PFE,28.57
2026-08-25,WMT,105.38
2026-08-25,XOM,160.64
2026-08-26,AAPL,313.45
2026-08-26,AMZN,260.28
2026-08-26,BAC,61.91
2026-08-26,CVX,200.21
2026-08-26,GOOGL,341.78
2026-08-26,GS,1035.39
2026-08-26,JNJ,270.0
2026-08-26,JPM,354.73
2026-08-26,KO,89.55
2026-08-26,META,575.69
2026-08-26,MSFT,496.37
2026-08-26,NVDA,209.43
2026-08-26,PFE,28.3
2026-08-26,WMT,104.34
2026-08-26,XOM,158.19
2026-08-27,AAPL,314.58
2026-08-27,AMZN,256.26
2026-08-27,BAC,60.86
2026-08-27,CVX,199.77
2026-08-27,GOOGL,340.43
2026-08-27,GS,1035.8
2026-08-27,JNJ,265.77
2026-08-27,JPM,352.46
2026-08-27,KO,88.53
2026-08-27,META,570.65
2026-08-27,MSFT,505.06
2026-08-27,NVDA,227.73
2026-08-27,PFE,28.02
2026-08-27,WMT,102.63
2026-08-27,XOM,156.44
2026-08-28,AAPL,319.7
2026-08-28,AMZN,266.43
2026-08-28,BAC,62.0
2026-08-28,CVX,201.86
2026-08-28,GOOGL,346.37
2026-08-28,GS,1028.95
2026-08-28,JNJ,268.04
2026-08-28,JPM,355.84
2026-08-28,KO,89.13
2026-08-28,META,577.56
2026-08-28,MSFT,513.53
2026-08-28,NVDA,217.31
2026-08-28,PFE,27.96
2026-08-28,WMT,103.09
2026-08-28,XOM,156.71
2026-08-31,AAPL,316.85
2026-08-31,AMZN,259.77
2026-08-31,BAC,61.63
2026-08-31,CVX,206.14
2026-08-31,GOOGL,339.13
2026-08-31,GS,1020.9
2026-08-31,JNJ,265.85
2026-08-31,JPM,354.25
2026-08-31,KO,88.14
2026-08-31,META,571.89
2026-08-31,MSFT,507.29
2026-08-31,NVDA,220.53
2026-08-31,PFE,28.46
2026-08-31,WMT,104.87
2026-08-31,XOM,160.95
2026-09-01,AAPL,325.13
2026-09-01,AMZN,254.92
2026-09-01,BAC,61.68
2026-09-01,CVX,211.05
2026-09-01,GOOGL,334.8
2026-09-01,GS,1002.56
2026-09-01,JNJ,271.19
2026-09-01,JPM,353.19
2026-09-01,KO,87.48
2026-09-01,META,578.08
2026-09-01,MSFT,501.02
2026-09-01,NVDA,217.2
2026-09-01,PFE,28.55
2026-09-01,WMT,105.92
2026-09-01,XOM,164.55
2026-09-02,AAPL,324.96
2026-09-02,AMZN,254.98
2026-09-02,BAC,62.28
2026-09-02,CVX,211.78
2026-09-02,GOOGL,336.9
2026-09-02,GS,1004.42
2026-09-02,JNJ,275.21
2026-09-02,JPM,354.45
2026-09-02,KO,87.72
2026-09-02,META,592.38
2026-09-02,MSFT,496.82
2026-09-02,NVDA,224.16
2026-09-02,PFE,29.02
2026-09-02,WMT,106.09
2026-09-02,XOM,164.15
2026-09-03,AAPL,328.21
2026-09-03,AMZN,258.9
2026-09-03,BAC,62.72
2026-09-03,CVX,211.32
2026-09-03,GOOGL,342.26
2026-09-03,GS,1037.93
2026-09-03,JNJ,278.43
2026-09-03,JPM,360.26
2026-09-03,KO,88.28
2026-09-03,META,610.2
2026-09-03,MSFT,510.12
2026-09-03,NVDA,228.19
2026-09-03,PFE,28.81
2026-09-03,WMT,108.42
2026-09-03,XOM,162.21
2026-09-04,AAPL,319.97
2026-09-04,AMZN,258.51
2026-09-04,BAC,62.68
2026-09-04,CVX,208.6
2026-09-04,GOOGL,338.46
2026-09-04,GS,1038.61
2026-09-04,JNJ,275.23
2026-09-04,JPM,356.86
2026-09-04,KO,87.55
2026-09-04,META,616.28
2026-09-04,MSFT,499.7
2026-09-04,NVDA,230.1
2026-09-04,PFE,28.45
2026-09-04,WMT,107.14
2026-09-04,XOM,159.47
2026-09-08,AAPL,316.22
2026-09-08,AMZN,256.97
2026-09-08,BAC,62.39
2026-09-08,CVX,209.8
2026-09-08,GOOGL,338.36
2026-09-08,GS,1036.53
2026-09-08,JNJ,269.12
2026-09-08,JPM,351.76
2026-09-08,KO,87.84
2026-09-08,META,613.0
2026-09-08,MSFT,493.95
2026-09-08,NVDA,225.48
2026-09-08,PFE,27.79
2026-09-08,WMT,106.05
2026-09-08,XOM,160.66
2026-09-09,AAPL,315.34
2026-09-09,AMZN,252.4
2026-09-09,BAC,62.67
2026-09-09,CVX,213.81
2026-09-09,GOOGL,330.65
2026-09-09,GS,1028.78
2026-09-09,JNJ,267.08
2026-09-09,JPM,352.95
2026-09-09,KO,87.03
2026-09-09,META,653.17
2026-09-09,MSFT,491.65
2026-09-09,NVDA,223.42
2026-09-09,PFE,27.78
2026-09-09,WMT,105.83
2026-09-09,XOM,164.23
2026-09-10,AAPL,326.57
2026-09-10,AMZN,251.89
2026-09-10,BAC,62.56
2026-09-10,CVX,212.76
2026-09-10,GOOGL,332.6
2026-09-10,GS,1019.77
2026-09-10,JNJ,266.35
2026-09-10,JPM,351.8
2026-09-10,KO,87.31
2026-09-10,META,643.87
2026-09-10,MSFT,492.44
2026-09-10,NVDA,218.36
2026-09-10,PFE,27.65
2026-09-10,WMT,105.73
2026-09-10,XOM,165.23
2026-09-11,AAPL,332.27
2026-09-11,AMZN,256.78
2026-09-11,BAC,62.69
2026-09-11,CVX,214.06
2026-09-11,GOOGL,338.5
2026-09-11,GS,1029.18
2026-09-11,JNJ,265.58
2026-09-11,JPM,354.46
2026-09-11,KO,87.77
2026-09-11,META,647.52
2026-09-11,MSFT,495.63
2026-09-11,NVDA,218.29
2026-09-11,PFE,27.72
2026-09-11,WMT,107.15
2026-09-11,XOM,165.99
2026-09-14,AAPL,333.08
2026-09-14,AMZN,253.54
2026-09-14,BAC,59.47
2026-09-14,CVX,212.17
2026-09-14,GOOGL,349.39
2026-09-14,GS,988.45
2026-09-14,JNJ,266.32
2026-09-14,JPM,348.39
2026-09-14,KO,88.82
2026-09-14,META,665.08
2026-09-14,MSFT,505.41
2026-09-14,NVDA,210.96
2026-09-14,PFE,27.72
2026-09-14,WMT,109.08
2026-09-14,XOM,165.08
2026-09-15,AAPL,331.34
2026-09-15,AMZN,248.42
2026-09-15,BAC,59.52
2026-09-15,CVX,217.77
2026-09-15,GOOGL,344.98
2026-09-15,GS,976.67
2026-09-15,JNJ,267.2
2026-09-15,JPM,350.74
2026-09-15,KO,88.71
2026-09-15,META,669.71
2026-09-15,MSFT,497.12
2026-09-15,NVDA,212.17
2026-09-15,PFE,27.55
2026-09-15,WMT,108.09
2026-09-15,XOM,169.32
2026-09-16,AAPL,332.41
2026-09-16,AMZN,245.96
2026-09-16,BAC,57.9
2026-09-16,CVX,211.54
2026-09-16,GOOGL,342.87
2026-09-16,GS,937.98
2026-09-16,JNJ,267.28
2026-09-16,JPM,347.19
2026-09-16,KO,87.87
2026-09-16,META,672.78
2026-09-16,MSFT,490.3
2026-09-16,NVDA,213.9
2026-09-16,PFE,27.46
2026-09-16,WMT,107.5
2026-09-16,XOM,163.32
2026-09-17,AAPL,337.0
2026-09-17,AMZN,251.19
2026-09-17,BAC,58.18
2026-09-17,CVX,211.57
2026-09-17,GOOGL,347.33
2026-09-17,GS,951.47
2026-09-17,JNJ,270.22
2026-09-17,JPM,347.58
2026-09-17,KO,88.06
2026-09-17,META,681.77
2026-09-17,MSFT,497.75
2026-09-17,NVDA,219.34
2026-09-17,PFE,27.64
2026-09-17,WMT,106.79
2026-09-17,XOM,163.27
2026-09-18,AAPL,336.13
2026-09-18,AMZN,253.71
2026-09-18,BAC,57.73
2026-09-18,CVX,209.51
2026-09-18,GOOGL,349.54
2026-09-18,GS,942.0
2026-09-18,JNJ,269.99
2026-09-18,JPM,347.93
2026-09-18,KO,88.25
2026-09-18,META,665.23
2026-09-18,MSFT,493.78
2026-09-18,NVDA,222.27
2026-09-18,PFE,27.66
2026-09-18,WMT,106.73
2026-09-18,XOM,163.54
2026-09-21,AAPL,338.98
2026-09-21,AMZN,258.45
2026-09-21,BAC,57.96
2026-09-21,CVX,203.67
2026-09-21,GOOGL,354.97
2026-09-21,GS,959.39
2026-09-21,JNJ,269.47
2026-09-21,JPM,350.29
2026-09-21,KO,87.12
2026-09-21,META,741.25
2026-09-21,MSFT,501.61
2026-09-21,NVDA,227.38
2026-09-21,PFE,27.74
2026-09-21,WMT,107.44
2026-09-21,XOM,158.3
2026-09-22,AAPL,339.75
2026-09-22,AMZN,254.98
2026-09-22,BAC,56.2
2026-09-22,CVX,202.41
2026-09-22,GOOGL,351.16
2026-09-22,GS,949.49
2026-09-22,JNJ,269.19
2026-09-22,JPM,338.31
2026-09-22,KO,88.61
2026-09-22,META,736.6
2026-09-22,MSFT,498.0
2026-09-22,NVDA,228.87
2026-09-22,PFE,27.93
2026-09-22,WMT,110.12
2026-09-22,XOM,158.71
2026-09-23,AAPL,337.02
2026-09-23,AMZN,249.27
2026-09-23,BAC,56.0
2026-09-23,CVX,205.51
2026-09-23,GOOGL,337.83
2026-09-23,GS,936.36
2026-09-23,JNJ,269.17
2026-09-23,JPM,335.85
2026-09-23,KO,88.09
2026-09-23,META,744.1
2026-09-23,MSFT,500.59
2026-09-23,NVDA,225.51
2026-09-23,PFE,28.18
2026-09-23,WMT,110.53
2026-09-23,XOM,161.23
2026-09-24,AAPL,335.92
2026-09-24,AMZN,249.38
2026-09-24,BAC,56.03
2026-09-24,CVX,205.65
2026-09-24,GOOGL,342.36
2026-09-24,GS,923.29
2026-09-24,JNJ,270.68
2026-09-24,JPM,336.88
2026-09-24,KO,88.1
2026-09-24,META,777.59
2026-09-24,MSFT,497.93
2026-09-24,NVDA,224.58
2026-09-24,PFE,28.41
2026-09-24,WMT,107.59
2026-09-24,XOM,162.14
2026-09-25,AAPL,341.07
2026-09-25,AMZN,249.67
2026-09-25,BAC,56.7
2026-09-25,CVX,204.45
2026-09-25,GOOGL,343.92
2026-09-25,GS,935.45
2026-09-25,JNJ,271.22
2026-09-25,JPM,341.36
2026-09-25,KO,87.81
2026-09-25,META,751.66
2026-09-25,MSFT,516.17
2026-09-25,NVDA,225.07
2026-09-25,PFE,28.67
2026-09-25,WMT,107.98
2026-09-25,XOM,160.59
2026-09-28,AAPL,338.4
2026-09-28,AMZN,246.15
2026-09-28,BAC,55.47
2026-09-28,CVX,206.37
2026-09-28,GOOGL,342.75
2026-09-28,GS,916.28
2026-09-28,JNJ,271.95
2026-09-28,JPM,334.92
2026-09-28,KO,87.18
2026-09-28,META,715.62
2026-09-28,MSFT,509.22
2026-09-28,NVDA,228.86
2026-09-28,PFE,28.72
2026-09-28,WMT,108.73
2026-09-28,XOM,162.52
2026-09-29,AAPL,329.4
2026-09-29,AMZN,246.67
2026-09-29,BAC,54.96
2026-09-29,CVX,204.38
2026-09-29,GOOGL,340.92
2026-09-29,GS,916.24
2026-09-29,JNJ,267.57
2026-09-29,JPM,333.32
2026-09-29,KO,86.84
2026-09-29,META,738.79
2026-09-29,MSFT,508.96
2026-09-29,NVDA,227.21
2026-09-29,PFE,28.72
2026-09-29,WMT,106.8
2026-09-29,XOM,161.35
2026-09-30,AAPL,333.02
2026-09-30,AMZN,249.15
2026-09-30,BAC,54.43
2026-09-30,CVX,204.21
2026-09-30,GOOGL,344.08
2026-09-30,GS,900.36
2026-09-30,JNJ,264.74
2026-09-30,JPM,329.19
2026-09-30,KO,86.08
2026-09-30,META,725.18
2026-09-30,MSFT,512.9
2026-09-30,NVDA,228.38
2026-09-30,PFE,28.52
2026-09-30,WMT,103.92
2026-09-30,XOM,162.75
2026-10-01,AAPL,330.32
2026-10-01,AMZN,248.23
2026-10-01,BAC,53.73
2026-10-01,CVX,207.1
2026-10-01,GOOGL,338.24
2026-10-01,GS,896.67
2026-10-01,JNJ,258.66
2026-10-01,JPM,331.53
2026-10-01,KO,86.1
2026-10-01,META,725.93
2026-10-01,MSFT,512.8
2026-10-01,NVDA,230.86
2026-10-01,PFE,28.12
2026-10-01,WMT,104.26
2026-10-01,XOM,163.82
2026-10-02,AAPL,333.69
2026-10-02,AMZN,251.52
2026-10-02,BAC,53.75
2026-10-02,CVX,206.69
2026-10-02,GOOGL,343.5
2026-10-02,GS,902.56
2026-10-02,JNJ,256.03
2026-10-02,JPM,330.73
2026-10-02,KO,85.65
2026-10-02,META,728.08
2026-10-02,MSFT,517.53
2026-10-02,NVDA,233.95
2026-10-02,PFE,27.8
2026-10-02,WMT,104.26
2026-10-02,XOM,164.01
